<?xml version="1.0" encoding="UTF-8"?>
<beans xmlns = "http://www.springframework.org/schema/beans"
   xmlns:xsi = "http://www.w3.org/2001/XMLSchema-instance"
   xmlns:context = "http://www.springframework.org/schema/context"
   xsi:schemaLocation = "http://www.springframework.org/schema/beans
   http://www.springframework.org/schema/beans/spring-beans.xsd
   http://www.springframework.org/schema/context
   http://www.springframework.org/schema/context/spring-context.xsd">
   
<context:annotation-config/> 

<bean id="beanAkshat" class="com.java.spr.Person">
	<property name="id" value="1" />
	<property name="name" value="Akshat"/>
	<property name="familyDetails">
		<bean class="com.java.spr.Family">
			<property name="city" value="Lucknow"/>
			<property name="state" value="UP"/>
		</bean>
	</property>
</bean>   

<bean id="jobDetails" class="com.java.spr.JobDetails">
	<property name="job" value="Software Engineer"/>
	<property name="company" value="Hexaware"/>
	<property name="location" value="Chennai"/>
</bean>
</beans>