<?xml version="1.0" encoding="UTF-8"?>
<beans xmlns = "http://www.springframework.org/schema/beans"
   xmlns:xsi = "http://www.w3.org/2001/XMLSchema-instance"
   xmlns:context = "http://www.springframework.org/schema/context"
   xsi:schemaLocation = "http://www.springframework.org/schema/beans
   http://www.springframework.org/schema/beans/spring-beans.xsd
   http://www.springframework.org/schema/context
   http://www.springframework.org/schema/context/spring-context.xsd">
<context:annotation-config/>   
<bean id="beanDinesh" class="com.java.spr.Person">
		<property name="id" value="1"/>
		<property name="name" value="Dinesh Arjun"/>
		<property name="familyDetails">
			<bean class="com.java.spr.Family">
				<property name="city" value="Coimbatore"/>
				<property name="state" value="TN"/>
			</bean>
		</property>
	</bean>
	
	<bean id="beanShahida" class="com.java.spr.Person">
		<property name="id" value="2"/>
		<property name="name" value="Sheik Shahida"/>
		<property name="familyDetails">
			<bean class="com.java.spr.Family">
				<property name="city" value="Guntoor"/>
				<property name="state" value="AP"/>
			</bean>
		</property>
	</bean>
	
	<bean id="beanJaison" class="com.java.spr.Person">
		<property name="id" value="1"/>
		<property name="name" value="Jaison Lobo"/>
		<property name="familyDetails">
			<bean class="com.java.spr.Family">
				<property name="city" value="Mangalore"/>
				<property name="state" value="KA"/>
			</bean>
		</property>
	</bean>
	<bean id="jobDetails" class="com.java.spr.JobDetails">
				<property name="job" value="Software Engineer"/>
				<property name="company" value="Infinite"/>
				<property name="location" value="Bangalore"/>
			</bean>
</beans>