<?xml version="1.0" encoding="UTF-8"?>
<!DOCTYPE beans PUBLIC 
"-//SPRING//DTD BEAN//EN" 
"http://www.springframework.org/dtd/spring-beans.dtd"> 
<beans>
	<bean id="studentDivya" class="com.java.wire.Student">
		<property name="sno" value="1"/>
		<property name="name" value="Divyani"/>
		<property name="lunchBox">
			<bean class="com.java.wire.LunchBox">
				<property name="snacks" value="Pizza"/>
			</bean>
		</property>
	</bean>
	<bean id="studentSuchita" class="com.java.wire.Student">
		<property name="sno" value="2"/>
		<property name="name" value="Suchita"/>
		<property name="lunchBox">
			<bean class="com.java.wire.LunchBox">
				<property name="snacks" value="Chicken Lollypop"/>
			</bean>
		</property>
	</bean>
	<bean id="studentSwati" class="com.java.wire.Student">
		<property name="sno" value="3"/>
		<property name="name" value="Swati Tonne"/>
		<property name="lunchBox">
			<bean class="com.java.wire.LunchBox">
				<property name="snacks" value="Burger"/>
			</bean>
		</property>
	</bean>
	<bean id="beanFaculty" class="com.java.wire.Faculty">
		<property name="fname" value="Prasanna Pappu"/>
		<property name="students">
			<list>
				<ref bean="studentDivya"/>
				<ref bean="studentSwati"/>
				<ref bean="studentSuchita"/>
			</list>
		</property>
	</bean>
</beans>